{"id": "004190", "first_name": "Margarite", "last_name": "Stephens", "age": 21, "address": {"street_number": "108", "street_name": "Jefferson", "city": "Brawley", "state": "Wyoming", "zipcode": "41905"}, "favourite_colurs": ["Beige", "Cyan", "Black"], "friends": [{"name": "Douglas", "age": 44}]}
{"id": "951947", "first_name": "Joseph", "last_name": "Chen", "age": 35, "address": {"street_number": "569", "street_name": "Water", "city": "Alabaster", "state": "Idaho", "zipcode": "90233"}, "favourite_colurs": ["Cyan", "Pink", "Beige", "Blue", "Beige"], "friends": [{"name": "Lisandra", "age": 29}]}
{"id": "928373", "first_name": "Akiko", "last_name": "Blanchard", "age": 33, "address": {"street_number": "498", "street_name": "Great", "city": "Westland", "state": "Rhode Island", "zipcode": "37366"}, "favourite_colurs": ["Brown", "Brown"], "friends": [{"name": "Reyes", "age": 37}, {"name": "Creola", "age": 54}, {"name": "Lauryn", "age": 29}]}
{"id": "554644", "first_name": "Darwin", "last_name": "Walls", "age": 54, "address": {"street_number": "1173", "street_name": "Bonnie Brae", "city": "Palmetto Bay", "state": "Rhode Island", "zipcode": "46441"}, "favourite_colurs": ["Purple"], "friends": [{"name": "Cinderella", "age": 56}, {"name": "Wanetta", "age": 47}, {"name": "Levi", "age": 33}]}
{"id": "065009", "first_name": "Jeremy", "last_name": "Franco", "age": 20, "address": {"street_number": "92", "street_name": "Wood", "city": "West Memphis", "state": "Connecticut", "zipcode": "02226"}, "favourite_colurs": ["Beige", "Purple", "Purple", "Purple", "Black"], "friends": [{"name": "Naida", "age": 54}, {"name": "Jonas", "age": 24}, {"name": "Vertie", "age": 19}]}
{"id": "925101", "first_name": "Zetta", "last_name": "Frank", "age": 33, "address": {"street_number": "485", "street_name": "Perimeter", "city": "Nashua", "state": "Mississippi", "zipcode": "10162"}, "favourite_colurs": ["Brown", "Magenta", "Pink", "Green"], "friends": [{"name": "Cornell", "age": 41}, {"name": "Jed", "age": 26}, {"name": "Denny", "age": 48}]}
{"id": "572889", "first_name": "Keneth", "last_name": "Sutton", "age": 55, "address": {"street_number": "1201", "street_name": "Townsend", "city": "Gahanna", "state": "Arizona", "zipcode": "88963"}, "favourite_colurs": ["Purple", "Yellow", "Pink", "Cyan", "Beige"], "friends": [{"name": "Cornell", "age": 20}, {"name": "Deangelo", "age": 43}]}
{"id": "527760", "first_name": "Williams", "last_name": "Goff", "age": 51, "address": {"street_number": "1065", "street_name": "Radio", "city": "Galesburg", "state": "West Virginia", "zipcode": "64435"}, "favourite_colurs": ["Pink", "Magenta", "Cyan", "Yellow"], "friends": [{"name": "Kristopher", "age": 60}, {"name": "Val", "age": 46}]}
{"id": "370238", "first_name": "Creola", "last_name": "Pickett", "age": 38, "address": {"street_number": "647", "street_name": "Niantic", "city": "Thornton", "state": "North Carolina", "zipcode": "02383"}, "favourite_colurs": ["Green", "Green", "Yellow"], "friends": [{"name": "Garland", "age": 23}, {"name": "Syreeta", "age": 43}, {"name": "Garry", "age": 36}]}
{"id": "448838", "first_name": "Harrison", "last_name": "Hunter", "age": 44, "address": {"street_number": "845", "street_name": "Duncombe", "city": "Lemon Grove", "state": "Arkansas", "zipcode": "88389"}, "favourite_colurs": ["Magenta", "Blue"], "friends": [{"name": "Ilana", "age": 21}, {"name": "France", "age": 28}]}
{"id": "447835", "first_name": "Carmine", "last_name": "Taylor", "age": 49, "address": {"street_number": "1012", "street_name": "Molimo", "city": "Mint Hill", "state": "Massachusetts", "zipcode": "78356"}, "favourite_colurs": ["Orange", "Green", "Orange"], "friends": [{"name": "Kelsie", "age": 38}, {"name": "Jann", "age": 57}]}
{"id": "419978", "first_name": "Rolf", "last_name": "Buckley", "age": 48, "address": {"street_number": "992", "street_name": "Trinity", "city": "Doral", "state": "Washington", "zipcode": "99780"}, "favourite_colurs": ["Orange", "Pink", "Brown", "White", "Pink"], "friends": [{"name": "Jene", "age": 53}]}
{"id": "665481", "first_name": "Alleen", "last_name": "Mcmahon", "age": 60, "address": {"street_number": "1372", "street_name": "Ninth", "city": "Prichard", "state": "Tennessee", "zipcode": "54812"}, "favourite_colurs": ["Red", "Green", "Red"], "friends": [{"name": "Luther", "age": 59}, {"name": "Melida", "age": 55}, {"name": "Lilla", "age": 35}]}
{"id": "554741", "first_name": "Bernarda", "last_name": "Chase", "age": 54, "address": {"street_number": "1180", "street_name": "Rayburn", "city": "Newport News", "state": "Arkansas", "zipcode": "47416"}, "favourite_colurs": ["Purple", "Magenta", "Pink", "Beige"], "friends": [{"name": "Billy", "age": 21}, {"name": "Errol", "age": 45}, {"name": "Mayola", "age": 49}]}
{"id": "049238", "first_name": "Olimpia", "last_name": "Solomon", "age": 22, "address": {"street_number": "149", "street_name": "Falmouth", "city": "Leominster", "state": "Massachusetts", "zipcode": "92388"}, "favourite_colurs": ["Black", "Blue"], "friends": [{"name": "Drusilla", "age": 38}, {"name": "Tristan", "age": 30}]}
{"id": "146282", "first_name": "Parker", "last_name": "Christian", "age": 30, "address": {"street_number": "397", "street_name": "Oceanview", "city": "Martinez", "state": "Vermont", "zipcode": "35218"}, "favourite_colurs": ["Brown", "Magenta", "Orange", "White"], "friends": [{"name": "Isidra", "age": 37}, {"name": "Ronald", "age": 31}]}
{"id": "065896", "first_name": "Stanton", "last_name": "Trevino", "age": 18, "address": {"street_number": "4", "street_name": "Victoria", "city": "Plant City", "state": "Texas", "zipcode": "38083"}, "favourite_colurs": ["Beige", "White", "Purple", "Pink", "Purple"], "friends": [{"name": "Lahoma", "age": 56}, {"name": "Elli", "age": 60}, {"name": "Jessi", "age": 37}]}
{"id": "702507", "first_name": "Shayne", "last_name": "Conner", "age": 24, "address": {"street_number": "195", "street_name": "Avery", "city": "Fredericksburg", "state": "Alaska", "zipcode": "50701"}, "favourite_colurs": ["Yellow"], "friends": [{"name": "Neta", "age": 19}, {"name": "Bettyann", "age": 52}]}
{"id": "507160", "first_name": "Alline", "last_name": "Park", "age": 51, "address": {"street_number": "1060", "street_name": "Avery", "city": "Papillion", "state": "New Mexico", "zipcode": "16025"}, "favourite_colurs": ["Pink"], "friends": [{"name": "Pok", "age": 48}, {"name": "Irvin", "age": 29}, {"name": "Stephnie", "age": 54}]}
{"id": "564438", "first_name": "Austin", "last_name": "Bridges", "age": 55, "address": {"street_number": "1194", "street_name": "South", "city": "Corsicana", "state": "New York", "zipcode": "23702"}, "favourite_colurs": ["Purple", "White", "Red", "Red"], "friends": [{"name": "Francina", "age": 49}]}
