{"id": "004190", "first_name": "Margarite", "age": 21, "address": {"street_number": "108", "street_name": "Jefferson", "city": "Brawley", "state": "Wyoming", "zipcode": "41905"}, "favourite_colurs": ["Beige", "Cyan", "Black"], "friends": [{"name": "Douglas", "age": 44}]}
{"id": "951947", "first_name": "Joseph", "age": 35, "address": {"street_number": "569", "street_name": "Water", "city": "Alabaster", "state": "Idaho", "zipcode": "90233"}, "favourite_colurs": ["Cyan", "Pink", "Beige", "Blue", "Beige"], "friends": [{"name": "Mckinley", "age": 29}]}
{"id": "928373", "first_name": "Akiko", "age": 33, "address": {"street_number": "498", "street_name": "Great", "city": "Westland", "state": "Rhode Island", "zipcode": "37366"}, "favourite_colurs": ["Brown", "Brown"], "friends": [{"name": "Dong", "age": 37}, {"name": "Terrilyn", "age": 54}, {"name": "Creola", "age": 29}]}
{"id": "554644", "first_name": "Darwin", "age": 54, "address": {"street_number": "1173", "street_name": "Bonnie Brae", "city": "Palmetto Bay", "state": "Rhode Island", "zipcode": "46441"}, "favourite_colurs": ["Purple"], "friends": [{"name": "Cinderella", "age": 56}, {"name": "Wanetta", "age": 47}, {"name": "Levi", "age": 33}]}
{"id": "065009", "first_name": "Jeremy", "age": 20, "address": {"street_number": "92", "street_name": "Wood", "city": "West Memphis", "state": "Connecticut", "zipcode": "02226"}, "favourite_colurs": ["Beige", "Purple", "Purple", "Purple", "Black"], "friends": [{"name": "Linh", "age": 54}, {"name": "Camila", "age": 24}, {"name": "Lavelle", "age": 19}]}
{"id": "925101", "first_name": "Zetta", "age": 33, "address": {"street_number": "485", "street_name": "Perimeter", "city": "Nashua", "state": "Mississippi", "zipcode": "10162"}, "favourite_colurs": ["Brown", "Magenta", "Pink", "Green"], "friends": [{"name": "Carlita", "age": 41}, {"name": "Archie", "age": 26}, {"name": "Milagro", "age": 48}]}
{"id": "572889", "first_name": "Keneth", "age": 55, "address": {"street_number": "1201", "street_name": "Townsend", "city": "Gahanna", "state": "Arizona", "zipcode": "88963"}, "favourite_colurs": ["Purple", "Yellow", "Pink", "Cyan", "Beige"], "friends": [{"name": "Cornell", "age": 20}, {"name": "Deangelo", "age": 43}]}
{"id": "527760", "first_name": "Williams", "age": 51, "address": {"street_number": "1065", "street_name": "Radio", "city": "Galesburg", "state": "West Virginia", "zipcode": "64435"}, "favourite_colurs": ["Pink", "Magenta", "Cyan", "Yellow"], "friends": [{"name": "Jeanett", "age": 60}, {"name": "Vasiliki", "age": 46}]}
{"id": "370238", "first_name": "Creola", "age": 38, "address": {"street_number": "647", "street_name": "Niantic", "city": "Thornton", "state": "North Carolina", "zipcode": "02383"}, "favourite_colurs": ["Green", "Green", "Yellow"], "friends": [{"name": "Garland", "age": 23}, {"name": "Syreeta", "age": 43}, {"name": "Garry", "age": 36}]}
{"id": "448838", "first_name": "Harrison", "age": 44, "address": {"street_number": "845", "street_name": "Duncombe", "city": "Lemon Grove", "state": "Arkansas", "zipcode": "88389"}, "favourite_colurs": ["Magenta", "Blue"], "friends": [{"name": "Kayleen", "age": 21}, {"name": "Quincy", "age": 28}]}
