{"title": "Model", "type": "object", "properties": {"id": {"title": "Id", "type": "string"}, "first_name": {"title": "First Name", "type": "string"}, "age": {"title": "Age", "type": "integer"}, "address": {"$ref": "#/definitions/Address"}, "favourite_colurs": {"title": "Favourite Colurs", "type": "array", "items": {"type": "string"}}, "friends": {"title": "Friends", "type": "array", "items": {"$ref": "#/definitions/Friend"}}}, "required": ["id", "first_name", "age", "address", "favourite_colurs", "friends"], "definitions": {"Address": {"title": "Address", "type": "object", "properties": {"street_number": {"title": "Street Number", "type": "string"}, "street_name": {"title": "Street Name", "type": "string"}, "city": {"title": "City", "type": "string"}, "state": {"title": "State", "type": "string"}, "zipcode": {"title": "Zipcode", "type": "string"}}, "required": ["street_number", "street_name", "city", "state", "zipcode"]}, "Friend": {"title": "Friend", "type": "object", "properties": {"name": {"title": "Name", "type": "string"}, "age": {"title": "Age", "type": "integer"}}, "required": ["name", "age"]}}}